
Enter password: *************
Welcome to the MySQL monitor.  Commands end with ; or \g.
Your MySQL connection id is 20
Server version: 8.0.42 MySQL Community Server - GPL

Copyright (c) 2000, 2025, Oracle and/or its affiliates.

Oracle is a registered trademark of Oracle Corporation and/or its
affiliates. Other names may be trademarks of their respective
owners.

Type 'help;' or '\h' for help. Type '\c' to clear the current input statement.

mysql> show databases;
+--------------------+
| Database           |
+--------------------+
| airlines           |
| bank               |
| bankdb             |
| college            |
| college_new        |
| collegedemo        |
| collegedemos       |
| db                 |
| employee           |
| information_schema |
| mysql              |
| new                |
| p1                 |
| pd1                |
| performance_schema |
| post               |
| student_db         |
| sys                |
+--------------------+
18 rows in set (0.01 sec)

mysql> use collegedemos;
Database changed
mysql> show tables;
+------------------------+
| Tables_in_collegedemos |
+------------------------+
| stud                   |
+------------------------+
1 row in set (0.04 sec)

mysql> desc stud;
+---------+-------------+------+-----+---------+-------+
| Field   | Type        | Null | Key | Default | Extra |
+---------+-------------+------+-----+---------+-------+
| rollno  | int         | YES  |     | NULL    |       |
| name    | varchar(20) | YES  |     | NULL    |       |
| address | varchar(20) | YES  |     | NULL    |       |
+---------+-------------+------+-----+---------+-------+
3 rows in set (0.02 sec)

mysql> select * from stud;
+--------+----------+---------+
| rollno | name     | address |
+--------+----------+---------+
|    101 |   Karan  | pune    |
+--------+----------+---------+
1 row in set (0.01 sec)

mysql> select * from stud;
+--------+----------+---------+
| rollno | name     | address |
+--------+----------+---------+
|    101 |   Karan  | pune    |
|    102 |    Om    | pune    |
+--------+----------+---------+
2 rows in set (0.00 sec)

mysql>
